{
    "kitchen": {
        "x": 1.105859,
        "y": -9.634515,
        "z": 0.0
    },
    "pantry": {
        "x": 1.105859,
        "y": -9.634515,
        "z": 0.0
    },
    "廚房": {
        "x": 1.105859,
        "y": -9.634515,
        "z": 0.0
    },
    "厨房": {
        "x": 1.105859,
        "y": -9.634515,
        "z": 0.0
    },
    "entrance": {
        "x": -0.355893,
        "y": -1.37417,
        "z": 0.0
    },
    "入口": {
        "x": -0.355893,
        "y": -1.37417,
        "z": 0.0
    }
}